Zip Code,CITY
90001,LOS ANGELES
90002,LOS ANGELES
90003,LOS ANGELES
90004,LOS ANGELES
90005,LOS ANGELES
90006,LOS ANGELES
90007,LOS ANGELES
90008,LOS ANGELES
90009,LOS ANGELES
90010,LOS ANGELES
90011,LOS ANGELES
90012,LOS ANGELES
90013,LOS ANGELES
90014,LOS ANGELES
90015,LOS ANGELES
90016,LOS ANGELES
90017,LOS ANGELES
90018,LOS ANGELES
90019,LOS ANGELES
90020,LOS ANGELES
90021,LOS ANGELES
90022,LOS ANGELES
90023,LOS ANGELES
90024,LOS ANGELES
90025,LOS ANGELES
90026,LOS ANGELES
90027,LOS ANGELES
90028,LOS ANGELES
90029,LOS ANGELES
90030,LOS ANGELES
90031,LOS ANGELES
90032,LOS ANGELES
90033,LOS ANGELES
90034,LOS ANGELES
90035,LOS ANGELES
90036,LOS ANGELES
90037,LOS ANGELES
90038,LOS ANGELES
90039,LOS ANGELES
90040,LOS ANGELES
90041,LOS ANGELES
90042,LOS ANGELES
90043,LOS ANGELES
90044,LOS ANGELES
90045,LOS ANGELES
90046,LOS ANGELES
90047,LOS ANGELES
90048,LOS ANGELES
90049,LOS ANGELES
90050,LOS ANGELES
90051,LOS ANGELES
90052,LOS ANGELES
90053,LOS ANGELES
90054,LOS ANGELES
90055,LOS ANGELES
90056,LOS ANGELES
90057,LOS ANGELES
90058,LOS ANGELES
90059,LOS ANGELES
90060,LOS ANGELES
90061,LOS ANGELES
90062,LOS ANGELES
90063,LOS ANGELES
90064,LOS ANGELES
90065,LOS ANGELES
90066,LOS ANGELES
90067,LOS ANGELES
90068,LOS ANGELES
90069,WEST HOLLYWOOD
90070,LOS ANGELES
90071,LOS ANGELES
90072,LOS ANGELES
90073,LOS ANGELES
90074,LOS ANGELES
90075,LOS ANGELES
90076,LOS ANGELES
90077,LOS ANGELES
90078,LOS ANGELES
90079,LOS ANGELES
90080,LOS ANGELES
90081,LOS ANGELES
90082,LOS ANGELES
90083,LOS ANGELES
90084,LOS ANGELES
90086,LOS ANGELES
90087,LOS ANGELES
90088,LOS ANGELES
90089,LOS ANGELES
90091,LOS ANGELES
90093,LOS ANGELES
90094,LOS ANGELES
90095,LOS ANGELES
90096,LOS ANGELES
90097,LOS ANGELES
90099,LOS ANGELES
90101,LOS ANGELES
90102,LOS ANGELES
90103,LOS ANGELES
90174,LOS ANGELES
90185,LOS ANGELES
90201,BELL
90202,BELL GARDENS
90209,BEVERLY HILLS
90210,BEVERLY HILLS
90211,BEVERLY HILLS
90212,BEVERLY HILLS
90213,BEVERLY HILLS
90220,COMPTON
90221,COMPTON
90222,COMPTON
90223,COMPTON
90224,COMPTON
90230,CULVER CITY
90231,CULVER CITY
90232,CULVER CITY
90233,CULVER CITY
90239,DOWNEY
90240,DOWNEY
90241,DOWNEY
90242,DOWNEY
90245,EL SEGUNDO
90247,GARDENA
90248,GARDENA
90249,GARDENA
90250,HAWTHORNE
90251,HAWTHORNE
90254,HERMOSA BEACH
90255,HUNTINGTON PARK
90260,LAWNDALE
90261,LAWNDALE
90262,LYNWOOD
90263,MALIBU
90264,MALIBU
90265,MALIBU
90266,MANHATTAN BEACH
90267,MANHATTAN BEACH
90270,MAYWOOD
90272,PACIFIC PALISADES
90274,PALOS VERDES PENINSULA
90275,RANCHO PALOS VERDES
90277,REDONDO BEACH
90278,REDONDO BEACH
90280,SOUTH GATE
90290,TOPANGA
90291,VENICE
90292,MARINA DEL REY
90293,PLAYA DEL REY
90294,VENICE
90295,MARINA DEL REY
90296,PLAYA DEL REY
90301,INGLEWOOD
90302,INGLEWOOD
90303,INGLEWOOD
90304,INGLEWOOD
90305,INGLEWOOD
90306,INGLEWOOD
90307,INGLEWOOD
90308,INGLEWOOD
90309,INGLEWOOD
90310,INGLEWOOD
90311,INGLEWOOD
90312,INGLEWOOD
90313,INGLEWOOD
90397,INGLEWOOD
90398,INGLEWOOD
90401,SANTA MONICA
90402,SANTA MONICA
90403,SANTA MONICA
90404,SANTA MONICA
90405,SANTA MONICA
90406,SANTA MONICA
90407,SANTA MONICA
90408,SANTA MONICA
90409,SANTA MONICA
90410,SANTA MONICA
90411,SANTA MONICA
90501,TORRANCE
90502,TORRANCE
90503,TORRANCE
90504,TORRANCE
90505,TORRANCE
90506,TORRANCE
90507,TORRANCE
90508,TORRANCE
90509,TORRANCE
90510,TORRANCE
90601,WHITTIER
90602,WHITTIER
90603,WHITTIER
90604,WHITTIER
90605,WHITTIER
90606,WHITTIER
90607,WHITTIER
90608,WHITTIER
90609,WHITTIER
90610,WHITTIER
90612,WHITTIER
90620,BUENA PARK
90621,BUENA PARK
90622,BUENA PARK
90623,LA PALMA
90624,BUENA PARK
90630,CYPRESS
90631,LA HABRA
90632,LA HABRA
90633,LA HABRA
90637,LA MIRADA
90638,LA MIRADA
90639,LA MIRADA
90640,MONTEBELLO
90650,NORWALK
90651,NORWALK
90652,NORWALK
90659,NORWALK
90660,PICO RIVERA
90661,PICO RIVERA
90662,PICO RIVERA
90665,PICO RIVERA
90670,SANTA FE SPRINGS
90671,SANTA FE SPRINGS
90680,STANTON
90701,ARTESIA
90702,ARTESIA
90703,CERRITOS
90704,AVALON
90706,BELLFLOWER
90707,BELLFLOWER
90710,HARBOR CITY
90711,LAKEWOOD
90712,LAKEWOOD
90713,LAKEWOOD
90714,LAKEWOOD
90715,LAKEWOOD
90716,HAWAIIAN GARDENS
90717,LOMITA
90720,LOS ALAMITOS
90721,LOS ALAMITOS
90723,PARAMOUNT
90731,SAN PEDRO
90732,SAN PEDRO
90733,SAN PEDRO
90734,SAN PEDRO
90740,SEAL BEACH
90742,SUNSET BEACH
90743,SURFSIDE
90744,WILMINGTON
90745,CARSON
90746,CARSON
90747,CARSON
90748,WILMINGTON
90749,CARSON
90801,LONG BEACH
90802,LONG BEACH
90803,LONG BEACH
90804,LONG BEACH
90805,LONG BEACH
90806,LONG BEACH
90807,LONG BEACH
90808,LONG BEACH
90809,LONG BEACH
90810,LONG BEACH
90813,LONG BEACH
90814,LONG BEACH
90815,LONG BEACH
90822,LONG BEACH
90831,LONG BEACH
90832,LONG BEACH
90833,LONG BEACH
90834,LONG BEACH
90835,LONG BEACH
90840,LONG BEACH
90842,LONG BEACH
90844,LONG BEACH
90845,LONG BEACH
90846,LONG BEACH
90847,LONG BEACH
90848,LONG BEACH
90853,LONG BEACH
90888,LONG BEACH
90899,LONG BEACH
91001,ALTADENA
91003,ALTADENA
91006,ARCADIA
91007,ARCADIA
91009,DUARTE
91010,DUARTE
91011,LA CANADA FLINTRIDGE
91012,LA CANADA FLINTRIDGE
91016,MONROVIA
91017,MONROVIA
91020,MONTROSE
91021,MONTROSE
91023,MOUNT WILSON
91024,SIERRA MADRE
91025,SIERRA MADRE
91030,SOUTH PASADENA
91031,SOUTH PASADENA
91040,SUNLAND
91041,SUNLAND
91042,TUJUNGA
91043,TUJUNGA
91046,VERDUGO CITY
91050,PASADENA
91051,PASADENA
91066,ARCADIA
91077,ARCADIA
91101,PASADENA
91102,PASADENA
91103,PASADENA
91104,PASADENA
91105,PASADENA
91106,PASADENA
91107,PASADENA
91108,SAN MARINO
91109,PASADENA
91110,PASADENA
91114,PASADENA
91115,PASADENA
91116,PASADENA
91117,PASADENA
91118,SAN MARINO
91121,PASADENA
91123,PASADENA
91124,PASADENA
91125,PASADENA
91126,PASADENA
91129,PASADENA
91131,PASADENA
91175,PASADENA
91182,PASADENA
91184,PASADENA
91185,PASADENA
91186,PASADENA
91187,PASADENA
91188,PASADENA
91189,PASADENA
91191,PASADENA
91201,GLENDALE
91202,GLENDALE
91203,GLENDALE
91204,GLENDALE
91205,GLENDALE
91206,GLENDALE
91207,GLENDALE
91208,GLENDALE
91209,GLENDALE
91210,GLENDALE
91214,LA CRESCENTA
91221,GLENDALE
91222,GLENDALE
91224,LA CRESCENTA
91225,GLENDALE
91226,GLENDALE
91301,AGOURA HILLS
91302,CALABASAS
91303,CANOGA PARK
91304,CANOGA PARK
91305,CANOGA PARK
91306,WINNETKA
91307,WEST HILLS
91308,WEST HILLS
91309,CANOGA PARK
91310,CASTAIC
91311,CHATSWORTH
91312,CHATSWORTH
91313,CHATSWORTH
91316,ENCINO
91319,NEWBURY PARK
91320,NEWBURY PARK
91321,NEWHALL
91322,NEWHALL
91324,NORTHRIDGE
91325,NORTHRIDGE
91326,NORTHRIDGE
91327,NORTHRIDGE
91328,NORTHRIDGE
91329,NORTHRIDGE
91330,NORTHRIDGE
91331,PACOIMA
91333,PACOIMA
91334,PACOIMA
91335,RESEDA
91337,RESEDA
91340,SAN FERNANDO
91341,SAN FERNANDO
91342,SYLMAR
91343,NORTH HILLS
91344,GRANADA HILLS
91345,MISSION HILLS
91346,MISSION HILLS
91350,SANTA CLARITA
91351,CANYON COUNTRY
91352,SUN VALLEY
91353,SUN VALLEY
91354,VALENCIA
91355,VALENCIA
91356,TARZANA
91357,TARZANA
91358,THOUSAND OAKS
91359,WESTLAKE VILLAGE
91360,THOUSAND OAKS
91361,WESTLAKE VILLAGE
91362,THOUSAND OAKS
91363,WESTLAKE VILLAGE
91364,WOODLAND HILLS
91365,WOODLAND HILLS
91367,WOODLAND HILLS
91371,WOODLAND HILLS
91372,CALABASAS
91376,AGOURA HILLS
91377,OAK PARK
91380,SANTA CLARITA
91381,STEVENSON RANCH
91382,SANTA CLARITA
91383,SANTA CLARITA
91384,CASTAIC
91385,VALENCIA
91386,CANYON COUNTRY
91387,CANYON COUNTRY
91388,VAN NUYS
91390,SANTA CLARITA
91392,SYLMAR
91393,NORTH HILLS
91394,GRANADA HILLS
91395,MISSION HILLS
91396,WINNETKA
91399,WOODLAND HILLS
91401,VAN NUYS
91402,PANORAMA CITY
91403,SHERMAN OAKS
91404,VAN NUYS
91405,VAN NUYS
91406,VAN NUYS
91407,VAN NUYS
91408,VAN NUYS
91409,VAN NUYS
91410,VAN NUYS
91411,VAN NUYS
91412,PANORAMA CITY
91413,SHERMAN OAKS
91416,ENCINO
91423,SHERMAN OAKS
91426,ENCINO
91436,ENCINO
91470,VAN NUYS
91482,VAN NUYS
91495,SHERMAN OAKS
91496,VAN NUYS
91497,VAN NUYS
91499,VAN NUYS
91501,BURBANK
91502,BURBANK
91503,BURBANK
91504,BURBANK
91505,BURBANK
91506,BURBANK
91507,BURBANK
91508,BURBANK
91510,BURBANK
91521,BURBANK
91522,BURBANK
91523,BURBANK
91526,BURBANK
91601,NORTH HOLLYWOOD
91602,NORTH HOLLYWOOD
91603,NORTH HOLLYWOOD
91604,STUDIO CITY
91605,NORTH HOLLYWOOD
91606,NORTH HOLLYWOOD
91607,VALLEY VILLAGE
91608,UNIVERSAL CITY
91609,NORTH HOLLYWOOD
91610,TOLUCA LAKE
91611,NORTH HOLLYWOOD
91612,NORTH HOLLYWOOD
91614,STUDIO CITY
91615,NORTH HOLLYWOOD
91616,NORTH HOLLYWOOD
91617,VALLEY VILLAGE
91618,NORTH HOLLYWOOD
91701,RANCHO CUCAMONGA
91702,AZUSA
91706,BALDWIN PARK
91708,CHINO
91709,CHINO HILLS
91710,CHINO
91711,CLAREMONT
91714,CITY OF INDUSTRY
91715,CITY OF INDUSTRY
91716,CITY OF INDUSTRY
91722,COVINA
91723,COVINA
91724,COVINA
91729,RANCHO CUCAMONGA
91730,RANCHO CUCAMONGA
91731,EL MONTE
91732,EL MONTE
91733,SOUTH EL MONTE
91734,EL MONTE
91735,EL MONTE
91737,RANCHO CUCAMONGA
91739,RANCHO CUCAMONGA
91740,GLENDORA
91741,GLENDORA
91743,GUASTI
91744,LA PUENTE
91745,HACIENDA HEIGHTS
91746,LA PUENTE
91747,LA PUENTE
91748,ROWLAND HEIGHTS
91749,LA PUENTE
91750,LA VERNE
91752,MIRA LOMA
91754,MONTEREY PARK
91755,MONTEREY PARK
91756,MONTEREY PARK
91758,ONTARIO
91759,MT BALDY
91761,ONTARIO
91762,ONTARIO
91763,MONTCLAIR
91764,ONTARIO
91765,DIAMOND BAR
91766,POMONA
91767,POMONA
91768,POMONA
91769,POMONA
91770,ROSEMEAD
91771,ROSEMEAD
91772,ROSEMEAD
91773,SAN DIMAS
91775,SAN GABRIEL
91776,SAN GABRIEL
91778,SAN GABRIEL
91780,TEMPLE CITY
91784,UPLAND
91785,UPLAND
91786,UPLAND
91788,WALNUT
91789,WALNUT
91790,WEST COVINA
91791,WEST COVINA
91792,WEST COVINA
91793,WEST COVINA
91795,WALNUT
91797,POMONA
91798,ONTARIO
91799,POMONA
91801,ALHAMBRA
91802,ALHAMBRA
91803,ALHAMBRA
91804,ALHAMBRA
91841,ALHAMBRA
91896,ALHAMBRA
91899,ALHAMBRA
91901,ALPINE
91902,BONITA
91903,ALPINE
91905,BOULEVARD
91906,CAMPO
91908,BONITA
91909,CHULA VISTA
91910,CHULA VISTA
91911,CHULA VISTA
91912,CHULA VISTA
91913,CHULA VISTA
91914,CHULA VISTA
91915,CHULA VISTA
91916,DESCANSO
91917,DULZURA
91921,CHULA VISTA
91931,GUATAY
91932,IMPERIAL BEACH
91933,IMPERIAL BEACH
91934,JACUMBA
91935,JAMUL
91941,LA MESA
91942,LA MESA
91943,LA MESA
91944,LA MESA
91945,LEMON GROVE
91946,LEMON GROVE
91947,LINCOLN ACRES
91948,MOUNT LAGUNA
91950,NATIONAL CITY
91951,NATIONAL CITY
91962,PINE VALLEY
91963,POTRERO
91976,SPRING VALLEY
91977,SPRING VALLEY
91978,SPRING VALLEY
91979,SPRING VALLEY
91980,TECATE
91987,TECATE
91990,POTRERO
92003,BONSALL
92004,BORREGO SPRINGS
92007,CARDIFF BY THE SEA
92008,CARLSBAD
92009,CARLSBAD
92013,CARLSBAD
92014,DEL MAR
92018,CARLSBAD
92019,EL CAJON
92020,EL CAJON
92021,EL CAJON
92022,EL CAJON
92023,ENCINITAS
92024,ENCINITAS
92025,ESCONDIDO
92026,ESCONDIDO
92027,ESCONDIDO
92028,FALLBROOK
92029,ESCONDIDO
92030,ESCONDIDO
92033,ESCONDIDO
92036,JULIAN
92037,LA JOLLA
92038,LA JOLLA
92039,LA JOLLA
92040,LAKESIDE
92046,ESCONDIDO
92049,OCEANSIDE
92051,OCEANSIDE
92052,OCEANSIDE
92054,OCEANSIDE
92055,CAMP PENDLETON
92056,OCEANSIDE
92057,OCEANSIDE
92058,OCEANSIDE
92059,PALA
92060,PALOMAR MOUNTAIN
92061,PAUMA VALLEY
92064,POWAY
92065,RAMONA
92066,RANCHITA
92067,RANCHO SANTA FE
92068,SAN LUIS REY
92069,SAN MARCOS
92070,SANTA YSABEL
92071,SANTEE
92072,SANTEE
92074,POWAY
92075,SOLANA BEACH
92078,SAN MARCOS
92079,SAN MARCOS
92082,VALLEY CENTER
92083,VISTA
92084,VISTA
92085,VISTA
92086,WARNER SPRINGS
92088,FALLBROOK
92090,EL CAJON
92091,RANCHO SANTA FE
92092,LA JOLLA
92093,LA JOLLA
92096,SAN MARCOS
92101,SAN DIEGO
92102,SAN DIEGO
92103,SAN DIEGO
92104,SAN DIEGO
92105,SAN DIEGO
92106,SAN DIEGO
92107,SAN DIEGO
92108,SAN DIEGO
92109,SAN DIEGO
92110,SAN DIEGO
92111,SAN DIEGO
92112,SAN DIEGO
92113,SAN DIEGO
92114,SAN DIEGO
92115,SAN DIEGO
92116,SAN DIEGO
92117,SAN DIEGO
92118,CORONADO
92119,SAN DIEGO
92120,SAN DIEGO
92121,SAN DIEGO
92122,SAN DIEGO
92123,SAN DIEGO
92124,SAN DIEGO
92126,SAN DIEGO
92127,SAN DIEGO
92128,SAN DIEGO
92129,SAN DIEGO
92130,SAN DIEGO
92131,SAN DIEGO
92132,SAN DIEGO
92133,SAN DIEGO
92134,SAN DIEGO
92135,SAN DIEGO
92136,SAN DIEGO
92137,SAN DIEGO
92138,SAN DIEGO
92139,SAN DIEGO
92140,SAN DIEGO
92142,SAN DIEGO
92143,SAN YSIDRO
92145,SAN DIEGO
92147,SAN DIEGO
92149,SAN DIEGO
92150,SAN DIEGO
92152,SAN DIEGO
92153,SAN DIEGO
92154,SAN DIEGO
92155,SAN DIEGO
92158,SAN DIEGO
92159,SAN DIEGO
92160,SAN DIEGO
92161,SAN DIEGO
92162,SAN DIEGO
92163,SAN DIEGO
92164,SAN DIEGO
92165,SAN DIEGO
92166,SAN DIEGO
92167,SAN DIEGO
92168,SAN DIEGO
92169,SAN DIEGO
92170,SAN DIEGO
92171,SAN DIEGO
92172,SAN DIEGO
92173,SAN YSIDRO
92174,SAN DIEGO
92175,SAN DIEGO
92176,SAN DIEGO
92177,SAN DIEGO
92178,CORONADO
92179,SAN DIEGO
92182,SAN DIEGO
92184,SAN DIEGO
92186,SAN DIEGO
92187,SAN DIEGO
92190,SAN DIEGO
92191,SAN DIEGO
92192,SAN DIEGO
92193,SAN DIEGO
92194,SAN DIEGO
92195,SAN DIEGO
92196,SAN DIEGO
92197,SAN DIEGO
92198,SAN DIEGO
92199,SAN DIEGO
92201,INDIO
92202,INDIO
92203,INDIO
92210,INDIAN WELLS
92211,PALM DESERT
92220,BANNING
92222,BARD
92223,BEAUMONT
92225,BLYTHE
92226,BLYTHE
92227,BRAWLEY
92230,CABAZON
92231,CALEXICO
92232,CALEXICO
92233,CALIPATRIA
92234,CATHEDRAL CITY
92235,CATHEDRAL CITY
92236,COACHELLA
92239,DESERT CENTER
92240,DESERT HOT SPRINGS
92241,DESERT HOT SPRINGS
92242,EARP
92243,EL CENTRO
92244,EL CENTRO
92249,HEBER
92250,HOLTVILLE
92251,IMPERIAL
92252,JOSHUA TREE
92253,LA QUINTA
92254,MECCA
92255,PALM DESERT
92256,MORONGO VALLEY
92257,NILAND
92258,NORTH PALM SPRINGS
92259,OCOTILLO
92260,PALM DESERT
92261,PALM DESERT
92262,PALM SPRINGS
92263,PALM SPRINGS
92264,PALM SPRINGS
92266,PALO VERDE
92267,PARKER DAM
92268,PIONEERTOWN
92270,RANCHO MIRAGE
92273,SEELEY
92274,THERMAL
92275,SALTON CITY
92276,THOUSAND PALMS
92277,TWENTYNINE PALMS
92278,TWENTYNINE PALMS
92280,VIDAL
92281,WESTMORLAND
92282,WHITE WATER
92283,WINTERHAVEN
92284,YUCCA VALLEY
92285,LANDERS
92286,YUCCA VALLEY
92292,PALM SPRINGS
92301,ADELANTO
92304,AMBOY
92305,ANGELUS OAKS
92307,APPLE VALLEY
92308,APPLE VALLEY
92309,BAKER
92310,FORT IRWIN
92311,BARSTOW
92312,BARSTOW
92313,GRAND TERRACE
92314,BIG BEAR CITY
92315,BIG BEAR LAKE
92316,BLOOMINGTON
92317,BLUE JAY
92318,BRYN MAWR
92320,CALIMESA
92321,CEDAR GLEN
92322,CEDARPINES PARK
92323,CIMA
92324,COLTON
92325,CRESTLINE
92326,CREST PARK
92327,DAGGETT
92328,DEATH VALLEY
92329,PHELAN
92332,ESSEX
92333,FAWNSKIN
92334,FONTANA
92335,FONTANA
92336,FONTANA
92337,FONTANA
92338,LUDLOW
92339,FOREST FALLS
92340,HESPERIA
92341,GREEN VALLEY LAKE
92342,HELENDALE
92345,HESPERIA
92346,HIGHLAND
92347,HINKLEY
92350,LOMA LINDA
92352,LAKE ARROWHEAD
92354,LOMA LINDA
92356,LUCERNE VALLEY
92357,LOMA LINDA
92358,LYTLE CREEK
92359,MENTONE
92363,NEEDLES
92364,NIPTON
92365,NEWBERRY SPRINGS
92366,MOUNTAIN PASS
92368,ORO GRANDE
92369,PATTON
92371,PHELAN
92372,PINON HILLS
92373,REDLANDS
92374,REDLANDS
92375,REDLANDS
92376,RIALTO
92377,RIALTO
92378,RIMFOREST
92382,RUNNING SPRINGS
92384,SHOSHONE
92385,SKYFOREST
92386,SUGARLOAF
92389,TECOPA
92391,TWIN PEAKS
92392,VICTORVILLE
92393,VICTORVILLE
92394,VICTORVILLE
92397,WRIGHTWOOD
92398,YERMO
92399,YUCAIPA
92401,SAN BERNARDINO
92402,SAN BERNARDINO
92403,SAN BERNARDINO
92404,SAN BERNARDINO
92405,SAN BERNARDINO
92406,SAN BERNARDINO
92407,SAN BERNARDINO
92408,SAN BERNARDINO
92410,SAN BERNARDINO
92411,SAN BERNARDINO
92412,SAN BERNARDINO
92413,SAN BERNARDINO
92414,SAN BERNARDINO
92415,SAN BERNARDINO
92418,SAN BERNARDINO
92420,SAN BERNARDINO
92423,SAN BERNARDINO
92424,SAN BERNARDINO
92427,SAN BERNARDINO
92501,RIVERSIDE
92502,RIVERSIDE
92503,RIVERSIDE
92504,RIVERSIDE
92505,RIVERSIDE
92506,RIVERSIDE
92507,RIVERSIDE
92508,RIVERSIDE
92509,RIVERSIDE
92513,RIVERSIDE
92514,RIVERSIDE
92515,RIVERSIDE
92516,RIVERSIDE
92517,RIVERSIDE
92518,MARCH AIR FORCE BASE
92519,RIVERSIDE
92521,RIVERSIDE
92522,RIVERSIDE
92530,LAKE ELSINORE
92531,LAKE ELSINORE
92532,LAKE ELSINORE
92536,AGUANGA
92539,ANZA
92543,HEMET
92544,HEMET
92545,HEMET
92546,HEMET
92548,HOMELAND
92549,IDYLLWILD
92551,MORENO VALLEY
92552,MORENO VALLEY
92553,MORENO VALLEY
92554,MORENO VALLEY
92555,MORENO VALLEY
92556,MORENO VALLEY
92557,MORENO VALLEY
92561,MOUNTAIN CENTER
92562,MURRIETA
92563,MURRIETA
92564,MURRIETA
92567,NUEVO
92570,PERRIS
92571,PERRIS
92572,PERRIS
92581,SAN JACINTO
92582,SAN JACINTO
92583,SAN JACINTO
92584,MENIFEE
92585,SUN CITY
92586,SUN CITY
92587,SUN CITY
92589,TEMECULA
92590,TEMECULA
92591,TEMECULA
92592,TEMECULA
92593,TEMECULA
92595,WILDOMAR
92596,WINCHESTER
92599,PERRIS
92602,IRVINE
92603,IRVINE
92604,IRVINE
92605,HUNTINGTON BEACH
92606,IRVINE
92607,LAGUNA NIGUEL
92609,EL TORO
92610,FOOTHILL RANCH
92612,IRVINE
92614,IRVINE
92615,HUNTINGTON BEACH
92616,IRVINE
92618,IRVINE
92619,IRVINE
92620,IRVINE
92623,IRVINE
92624,CAPISTRANO BEACH
92625,CORONA DEL MAR
92626,COSTA MESA
92627,COSTA MESA
92628,COSTA MESA
92629,DANA POINT
92630,LAKE FOREST
92637,LAGUNA HILLS
92646,HUNTINGTON BEACH
92647,HUNTINGTON BEACH
92648,HUNTINGTON BEACH
92649,HUNTINGTON BEACH
92650,EAST IRVINE
92651,LAGUNA BEACH
92652,LAGUNA BEACH
92653,LAGUNA HILLS
92654,LAGUNA HILLS
92655,MIDWAY CITY
92656,ALISO VIEJO
92657,NEWPORT COAST
92658,NEWPORT BEACH
92659,NEWPORT BEACH
92660,NEWPORT BEACH
92661,NEWPORT BEACH
92662,NEWPORT BEACH
92663,NEWPORT BEACH
92672,SAN CLEMENTE
92673,SAN CLEMENTE
92674,SAN CLEMENTE
92675,SAN JUAN CAPISTRANO
92676,SILVERADO
92677,LAGUNA NIGUEL
92678,TRABUCO CANYON
92679,TRABUCO CANYON
92683,WESTMINSTER
92684,WESTMINSTER
92685,WESTMINSTER
92688,RANCHO SANTA MARGARITA
92690,MISSION VIEJO
92691,MISSION VIEJO
92692,MISSION VIEJO
92693,SAN JUAN CAPISTRANO
92694,LADERA RANCH
92697,IRVINE
92698,ALISO VIEJO
92701,SANTA ANA
92702,SANTA ANA
92703,SANTA ANA
92704,SANTA ANA
92705,SANTA ANA
92706,SANTA ANA
92707,SANTA ANA
92708,FOUNTAIN VALLEY
92709,IRVINE
92710,IRVINE
92711,SANTA ANA
92712,SANTA ANA
92728,FOUNTAIN VALLEY
92735,SANTA ANA
92780,TUSTIN
92781,TUSTIN
92782,TUSTIN
92799,SANTA ANA
92801,ANAHEIM
92802,ANAHEIM
92803,ANAHEIM
92804,ANAHEIM
92805,ANAHEIM
92806,ANAHEIM
92807,ANAHEIM
92808,ANAHEIM
92809,ANAHEIM
92811,ATWOOD
92812,ANAHEIM
92814,ANAHEIM
92815,ANAHEIM
92816,ANAHEIM
92817,ANAHEIM
92821,BREA
92822,BREA
92823,BREA
92825,ANAHEIM
92831,FULLERTON
92832,FULLERTON
92833,FULLERTON
92834,FULLERTON
92835,FULLERTON
92836,FULLERTON
92837,FULLERTON
92838,FULLERTON
92840,GARDEN GROVE
92841,GARDEN GROVE
92842,GARDEN GROVE
92843,GARDEN GROVE
92844,GARDEN GROVE
92845,GARDEN GROVE
92846,GARDEN GROVE
92850,ANAHEIM
92856,ORANGE
92857,ORANGE
92859,ORANGE
92860,NORCO
92861,VILLA PARK
92862,ORANGE
92863,ORANGE
92864,ORANGE
92865,ORANGE
92866,ORANGE
92867,ORANGE
92868,ORANGE
92869,ORANGE
92870,PLACENTIA
92871,PLACENTIA
92877,CORONA
92878,CORONA
92879,CORONA
92880,CORONA
92881,CORONA
92882,CORONA
92883,CORONA
92885,YORBA LINDA
92886,YORBA LINDA
92887,YORBA LINDA
92899,ANAHEIM
93001,VENTURA
93002,VENTURA
93003,VENTURA
93004,VENTURA
93005,VENTURA
93006,VENTURA
93007,VENTURA
93009,VENTURA
93010,CAMARILLO
93011,CAMARILLO
93012,CAMARILLO
93013,CARPINTERIA
93014,CARPINTERIA
93015,FILLMORE
93016,FILLMORE
93020,MOORPARK
93021,MOORPARK
93022,OAK VIEW
93023,OJAI
93024,OJAI
93030,OXNARD
93031,OXNARD
93032,OXNARD
93033,OXNARD
93034,OXNARD
93035,OXNARD
93040,PIRU
93041,PORT HUENEME
93042,POINT MUGU NAWC
93043,PORT HUENEME CBC BASE
93044,PORT HUENEME
93060,SANTA PAULA
93061,SANTA PAULA
93062,SIMI VALLEY
93063,SIMI VALLEY
93064,BRANDEIS
93065,SIMI VALLEY
93066,SOMIS
93067,SUMMERLAND
93093,SIMI VALLEY
93094,SIMI VALLEY
93099,SIMI VALLEY
93101,SANTA BARBARA
93102,SANTA BARBARA
93103,SANTA BARBARA
93105,SANTA BARBARA
93106,SANTA BARBARA
93107,SANTA BARBARA
93108,SANTA BARBARA
93109,SANTA BARBARA
93110,SANTA BARBARA
93111,SANTA BARBARA
93116,GOLETA
93117,GOLETA
93118,GOLETA
93120,SANTA BARBARA
93121,SANTA BARBARA
93130,SANTA BARBARA
93140,SANTA BARBARA
93150,SANTA BARBARA
93160,SANTA BARBARA
93190,SANTA BARBARA
93199,GOLETA
93201,ALPAUGH
93202,ARMONA
93203,ARVIN
93204,AVENAL
93205,BODFISH
93206,BUTTONWILLOW
93207,CALIFORNIA HOT SPRINGS
93208,CAMP NELSON
93210,COALINGA
93212,CORCORAN
93215,DELANO
93216,DELANO
93218,DUCOR
93219,EARLIMART
93220,EDISON
93221,EXETER
93222,FRAZIER PARK
93223,FARMERSVILLE
93224,FELLOWS
93225,FRAZIER PARK
93226,GLENNVILLE
93227,GOSHEN
93230,HANFORD
93232,HANFORD
93234,HURON
93235,IVANHOE
93237,KAWEAH
93238,KERNVILLE
93239,KETTLEMAN CITY
93240,LAKE ISABELLA
93241,LAMONT
93242,LATON
93243,LEBEC
93244,LEMON COVE
93245,LEMOORE
93246,LEMOORE
93247,LINDSAY
93249,LOST HILLS
93250,MC FARLAND
93251,MC KITTRICK
93252,MARICOPA
93254,NEW CUYAMA
93255,ONYX
93256,PIXLEY
93257,PORTERVILLE
93258,PORTERVILLE
93260,POSEY
93261,RICHGROVE
93262,SEQUOIA NATIONAL PARK
93263,SHAFTER
93265,SPRINGVILLE
93266,STRATFORD
93267,STRATHMORE
93268,TAFT
93270,TERRA BELLA
93271,THREE RIVERS
93272,TIPTON
93274,TULARE
93275,TULARE
93276,TUPMAN
93277,VISALIA
93278,VISALIA
93279,VISALIA
93280,WASCO
93282,WAUKENA
93283,WELDON
93285,WOFFORD HEIGHTS
93286,WOODLAKE
93287,WOODY
93291,VISALIA
93292,VISALIA
93301,BAKERSFIELD
93302,BAKERSFIELD
93303,BAKERSFIELD
93304,BAKERSFIELD
93305,BAKERSFIELD
93306,BAKERSFIELD
93307,BAKERSFIELD
93308,BAKERSFIELD
93309,BAKERSFIELD
93311,BAKERSFIELD
93312,BAKERSFIELD
93313,BAKERSFIELD
93380,BAKERSFIELD
93381,BAKERSFIELD
93382,BAKERSFIELD
93383,BAKERSFIELD
93384,BAKERSFIELD
93385,BAKERSFIELD
93386,BAKERSFIELD
93387,BAKERSFIELD
93388,BAKERSFIELD
93389,BAKERSFIELD
93390,BAKERSFIELD
93401,SAN LUIS OBISPO
93402,LOS OSOS
93403,SAN LUIS OBISPO
93405,SAN LUIS OBISPO
93406,SAN LUIS OBISPO
93407,SAN LUIS OBISPO
93408,SAN LUIS OBISPO
93409,SAN LUIS OBISPO
93410,SAN LUIS OBISPO
93412,LOS OSOS
93420,ARROYO GRANDE
93421,ARROYO GRANDE
93422,ATASCADERO
93423,ATASCADERO
93424,AVILA BEACH
93426,BRADLEY
93427,BUELLTON
93428,CAMBRIA
93429,CASMALIA
93430,CAYUCOS
93432,CRESTON
93433,GROVER BEACH
93434,GUADALUPE
93435,HARMONY
93436,LOMPOC
93437,LOMPOC
93438,LOMPOC
93440,LOS ALAMOS
93441,LOS OLIVOS
93442,MORRO BAY
93443,MORRO BAY
93444,NIPOMO
93445,OCEANO
93446,PASO ROBLES
93447,PASO ROBLES
93448,PISMO BEACH
93449,PISMO BEACH
93450,SAN ARDO
93451,SAN MIGUEL
93452,SAN SIMEON
93453,SANTA MARGARITA
93454,SANTA MARIA
93455,SANTA MARIA
93456,SANTA MARIA
93457,SANTA MARIA
93458,SANTA MARIA
93460,SANTA YNEZ
93461,SHANDON
93463,SOLVANG
93464,SOLVANG
93465,TEMPLETON
93483,GROVER BEACH
93501,MOJAVE
93502,MOJAVE
93504,CALIFORNIA CITY
93505,CALIFORNIA CITY
93510,ACTON
93512,BENTON
93513,BIG PINE
93514,BISHOP
93515,BISHOP
93516,BORON
93517,BRIDGEPORT
93518,CALIENTE
93519,CANTIL
93522,DARWIN
93523,EDWARDS
93524,EDWARDS
93526,INDEPENDENCE
93527,INYOKERN
93528,JOHANNESBURG
93529,JUNE LAKE
93530,KEELER
93531,KEENE
93532,LAKE HUGHES
93534,LANCASTER
93535,LANCASTER
93536,LANCASTER
93539,LANCASTER
93541,LEE VINING
93542,LITTLE LAKE
93543,LITTLEROCK
93544,LLANO
93545,LONE PINE
93546,MAMMOTH LAKES
93549,OLANCHA
93550,PALMDALE
93551,PALMDALE
93552,PALMDALE
93553,PEARBLOSSOM
93554,RANDSBURG
93555,RIDGECREST
93556,RIDGECREST
93558,RED MOUNTAIN
93560,ROSAMOND
93561,TEHACHAPI
93562,TRONA
93563,VALYERMO
93581,TEHACHAPI
93584,LANCASTER
93586,LANCASTER
93590,PALMDALE
93591,PALMDALE
93592,TRONA
93596,BORON
93599,PALMDALE
93601,AHWAHNEE
93602,AUBERRY
93603,BADGER
93604,BASS LAKE
93605,BIG CREEK
93606,BIOLA
93607,BURREL
93608,CANTUA CREEK
93609,CARUTHERS
93610,CHOWCHILLA
93611,CLOVIS
93612,CLOVIS
93613,CLOVIS
93614,COARSEGOLD
93615,CUTLER
93616,DEL REY
93618,DINUBA
93620,DOS PALOS
93621,DUNLAP
93622,FIREBAUGH
93623,FISH CAMP
93624,FIVE POINTS
93625,FOWLER
93626,FRIANT
93627,HELM
93628,HUME
93630,KERMAN
93631,KINGSBURG
93633,KINGS CANYON NATIONAL PK
93634,LAKESHORE
93635,LOS BANOS
93637,MADERA
93638,MADERA
93639,MADERA
93640,MENDOTA
93641,MIRAMONTE
93642,MONO HOT SPRINGS
93643,NORTH FORK
93644,OAKHURST
93645,O NEALS
93646,ORANGE COVE
93647,OROSI
93648,PARLIER
93649,PIEDRA
93650,FRESNO
93651,PRATHER
93652,RAISIN
93653,RAYMOND
93654,REEDLEY
93656,RIVERDALE
93657,SANGER
93660,SAN JOAQUIN
93661,SANTA RITA PARK
93662,SELMA
93664,SHAVER LAKE
93665,SOUTH DOS PALOS
93666,SULTANA
93667,TOLLHOUSE
93668,TRANQUILLITY
93669,WISHON
93670,YETTEM
93673,TRAVER
93675,SQUAW VALLEY
93701,FRESNO
93702,FRESNO
93703,FRESNO
93704,FRESNO
93705,FRESNO
93706,FRESNO
93707,FRESNO
93708,FRESNO
93709,FRESNO
93710,FRESNO
93711,FRESNO
93712,FRESNO
93714,FRESNO
93715,FRESNO
93716,FRESNO
93717,FRESNO
93718,FRESNO
93720,FRESNO
93721,FRESNO
93722,FRESNO
93724,FRESNO
93725,FRESNO
93726,FRESNO
93727,FRESNO
93728,FRESNO
93729,FRESNO
93740,FRESNO
93741,FRESNO
93744,FRESNO
93745,FRESNO
93747,FRESNO
93750,FRESNO
93755,FRESNO
93760,FRESNO
93761,FRESNO
93762,FRESNO
93764,FRESNO
93765,FRESNO
93771,FRESNO
93772,FRESNO
93773,FRESNO
93774,FRESNO
93775,FRESNO
93776,FRESNO
93777,FRESNO
93778,FRESNO
93779,FRESNO
93780,FRESNO
93784,FRESNO
93786,FRESNO
93790,FRESNO
93791,FRESNO
93792,FRESNO
93793,FRESNO
93794,FRESNO
93844,FRESNO
93888,FRESNO
93901,SALINAS
93902,SALINAS
93905,SALINAS
93906,SALINAS
93907,SALINAS
93908,SALINAS
93912,SALINAS
93915,SALINAS
93920,BIG SUR
93921,CARMEL
93922,CARMEL
93923,CARMEL
93924,CARMEL VALLEY
93925,CHUALAR
93926,GONZALES
93927,GREENFIELD
93928,JOLON
93930,KING CITY
93932,LOCKWOOD
93933,MARINA
93940,MONTEREY
93942,MONTEREY
93943,MONTEREY
93944,MONTEREY
93950,PACIFIC GROVE
93953,PEBBLE BEACH
93954,SAN LUCAS
93955,SEASIDE
93960,SOLEDAD
93962,SPRECKELS
94002,BELMONT
94003,BELMONT
94005,BRISBANE
94010,BURLINGAME
94011,BURLINGAME
94012,BURLINGAME
94013,DALY CITY
94014,DALY CITY
94015,DALY CITY
94016,DALY CITY
94017,DALY CITY
94018,EL GRANADA
94019,HALF MOON BAY
94020,LA HONDA
94021,LOMA MAR
94022,LOS ALTOS
94023,LOS ALTOS
94024,LOS ALTOS
94025,MENLO PARK
94026,MENLO PARK
94027,ATHERTON
94028,PORTOLA VALLEY
94029,MENLO PARK
94030,MILLBRAE
94031,MILLBRAE
94035,MOUNTAIN VIEW
94037,MONTARA
94038,MOSS BEACH
94039,MOUNTAIN VIEW
94040,MOUNTAIN VIEW
94041,MOUNTAIN VIEW
94042,MOUNTAIN VIEW
94043,MOUNTAIN VIEW
94044,PACIFICA
94045,PACIFICA
94059,REDWOOD CITY
94060,PESCADERO
94061,REDWOOD CITY
94062,REDWOOD CITY
94063,REDWOOD CITY
94064,REDWOOD CITY
94065,REDWOOD CITY
94066,SAN BRUNO
94067,SAN BRUNO
94070,SAN CARLOS
94071,SAN CARLOS
94074,SAN GREGORIO
94080,SOUTH SAN FRANCISCO
94083,SOUTH SAN FRANCISCO
94085,SUNNYVALE
94086,SUNNYVALE
94087,SUNNYVALE
94088,SUNNYVALE
94089,SUNNYVALE
94090,SUNNYVALE
94096,SAN BRUNO
94098,SAN BRUNO
94099,SOUTH SAN FRANCISCO
94101,SAN FRANCISCO
94102,SAN FRANCISCO
94103,SAN FRANCISCO
94104,SAN FRANCISCO
94105,SAN FRANCISCO
94106,SAN FRANCISCO
94107,SAN FRANCISCO
94108,SAN FRANCISCO
94109,SAN FRANCISCO
94110,SAN FRANCISCO
94111,SAN FRANCISCO
94112,SAN FRANCISCO
94114,SAN FRANCISCO
94115,SAN FRANCISCO
94116,SAN FRANCISCO
94117,SAN FRANCISCO
94118,SAN FRANCISCO
94119,SAN FRANCISCO
94120,SAN FRANCISCO
94121,SAN FRANCISCO
94122,SAN FRANCISCO
94123,SAN FRANCISCO
94124,SAN FRANCISCO
94125,SAN FRANCISCO
94126,SAN FRANCISCO
94127,SAN FRANCISCO
94128,SAN FRANCISCO
94129,SAN FRANCISCO
94130,SAN FRANCISCO
94131,SAN FRANCISCO
94132,SAN FRANCISCO
94133,SAN FRANCISCO
94134,SAN FRANCISCO
94135,SAN FRANCISCO
94136,SAN FRANCISCO
94137,SAN FRANCISCO
94138,SAN FRANCISCO
94139,SAN FRANCISCO
94140,SAN FRANCISCO
94141,SAN FRANCISCO
94142,SAN FRANCISCO
94143,SAN FRANCISCO
94144,SAN FRANCISCO
94145,SAN FRANCISCO
94146,SAN FRANCISCO
94147,SAN FRANCISCO
94150,SAN FRANCISCO
94151,SAN FRANCISCO
94152,SAN FRANCISCO
94153,SAN FRANCISCO
94154,SAN FRANCISCO
94155,SAN FRANCISCO
94156,SAN FRANCISCO
94157,SAN FRANCISCO
94159,SAN FRANCISCO
94160,SAN FRANCISCO
94161,SAN FRANCISCO
94162,SAN FRANCISCO
94163,SAN FRANCISCO
94164,SAN FRANCISCO
94165,SAN FRANCISCO
94166,SAN FRANCISCO
94167,SAN FRANCISCO
94168,SAN FRANCISCO
94169,SAN FRANCISCO
94170,SAN FRANCISCO
94171,SAN FRANCISCO
94172,SAN FRANCISCO
94175,SAN FRANCISCO
94177,SAN FRANCISCO
94188,SAN FRANCISCO
94203,SACRAMENTO
94204,SACRAMENTO
94205,SACRAMENTO
94206,SACRAMENTO
94207,SACRAMENTO
94208,SACRAMENTO
94209,SACRAMENTO
94211,SACRAMENTO
94229,SACRAMENTO
94230,SACRAMENTO
94232,SACRAMENTO
94234,SACRAMENTO
94235,SACRAMENTO
94236,SACRAMENTO
94237,SACRAMENTO
94239,SACRAMENTO
94240,SACRAMENTO
94243,SACRAMENTO
94244,SACRAMENTO
94245,SACRAMENTO
94246,SACRAMENTO
94247,SACRAMENTO
94248,SACRAMENTO
94249,SACRAMENTO
94250,SACRAMENTO
94252,SACRAMENTO
94253,SACRAMENTO
94254,SACRAMENTO
94256,SACRAMENTO
94257,SACRAMENTO
94258,SACRAMENTO
94259,SACRAMENTO
94261,SACRAMENTO
94262,SACRAMENTO
94263,SACRAMENTO
94267,SACRAMENTO
94268,SACRAMENTO
94269,SACRAMENTO
94271,SACRAMENTO
94273,SACRAMENTO
94274,SACRAMENTO
94277,SACRAMENTO
94278,SACRAMENTO
94279,SACRAMENTO
94280,SACRAMENTO
94282,SACRAMENTO
94283,SACRAMENTO
94284,SACRAMENTO
94285,SACRAMENTO
94286,SACRAMENTO
94287,SACRAMENTO
94288,SACRAMENTO
94289,SACRAMENTO
94290,SACRAMENTO
94291,SACRAMENTO
94293,SACRAMENTO
94294,SACRAMENTO
94295,SACRAMENTO
94296,SACRAMENTO
94297,SACRAMENTO
94298,SACRAMENTO
94299,SACRAMENTO
94301,PALO ALTO
94302,PALO ALTO
94303,PALO ALTO
94304,PALO ALTO
94305,STANFORD
94306,PALO ALTO
94307,PALO ALTO
94308,PALO ALTO
94309,PALO ALTO
94310,PALO ALTO
94401,SAN MATEO
94402,SAN MATEO
94403,SAN MATEO
94404,SAN MATEO
94405,SAN MATEO
94406,SAN MATEO
94407,SAN MATEO
94408,SAN MATEO
94409,SAN MATEO
94497,SAN MATEO
94501,ALAMEDA
94502,ALAMEDA
94503,AMERICAN CANYON
94506,DANVILLE
94507,ALAMO
94508,ANGWIN
94509,ANTIOCH
94510,BENICIA
94511,BETHEL ISLAND
94512,BIRDS LANDING
94513,BRENTWOOD
94514,BYRON
94515,CALISTOGA
94516,CANYON
94517,CLAYTON
94518,CONCORD
94519,CONCORD
94520,CONCORD
94521,CONCORD
94522,CONCORD
94523,PLEASANT HILL
94524,CONCORD
94525,CROCKETT
94526,DANVILLE
94527,CONCORD
94528,DIABLO
94529,CONCORD
94530,EL CERRITO
94531,ANTIOCH
94533,FAIRFIELD
94535,TRAVIS AFB
94536,FREMONT
94537,FREMONT
94538,FREMONT
94539,FREMONT
94540,HAYWARD
94541,HAYWARD
94542,HAYWARD
94543,HAYWARD
94544,HAYWARD
94545,HAYWARD
94546,CASTRO VALLEY
94547,HERCULES
94548,KNIGHTSEN
94549,LAFAYETTE
94550,LIVERMORE
94551,LIVERMORE
94552,CASTRO VALLEY
94553,MARTINEZ
94555,FREMONT
94556,MORAGA
94557,HAYWARD
94558,NAPA
94559,NAPA
94560,NEWARK
94561,OAKLEY
94562,OAKVILLE
94563,ORINDA
94564,PINOLE
94565,PITTSBURG
94566,PLEASANTON
94567,POPE VALLEY
94568,DUBLIN
94569,PORT COSTA
94570,MORAGA
94571,RIO VISTA
94572,RODEO
94573,RUTHERFORD
94574,SAINT HELENA
94575,MORAGA
94576,DEER PARK
94577,SAN LEANDRO
94578,SAN LEANDRO
94579,SAN LEANDRO
94580,SAN LORENZO
94581,NAPA
94583,SAN RAMON
94585,SUISUN CITY
94586,SUNOL
94587,UNION CITY
94588,PLEASANTON
94589,VALLEJO
94590,VALLEJO
94591,VALLEJO
94592,VALLEJO
94595,WALNUT CREEK
94596,WALNUT CREEK
94597,WALNUT CREEK
94598,WALNUT CREEK
94599,YOUNTVILLE
94601,OAKLAND
94602,OAKLAND
94603,OAKLAND
94604,OAKLAND
94605,OAKLAND
94606,OAKLAND
94607,OAKLAND
94608,EMERYVILLE
94609,OAKLAND
94610,OAKLAND
94611,OAKLAND
94612,OAKLAND
94613,OAKLAND
94614,OAKLAND
94615,OAKLAND
94617,OAKLAND
94618,OAKLAND
94619,OAKLAND
94620,PIEDMONT
94621,OAKLAND
94622,OAKLAND
94623,OAKLAND
94624,OAKLAND
94625,OAKLAND
94626,OAKLAND
94627,OAKLAND
94643,OAKLAND
94649,OAKLAND
94659,OAKLAND
94660,OAKLAND
94661,OAKLAND
94662,EMERYVILLE
94666,OAKLAND
94701,BERKELEY
94702,BERKELEY
94703,BERKELEY
94704,BERKELEY
94705,BERKELEY
94706,ALBANY
94707,BERKELEY
94708,BERKELEY
94709,BERKELEY
94710,BERKELEY
94712,BERKELEY
94720,BERKELEY
94801,RICHMOND
94802,RICHMOND
94803,EL SOBRANTE
94804,RICHMOND
94805,RICHMOND
94806,SAN PABLO
94807,RICHMOND
94808,RICHMOND
94820,EL SOBRANTE
94850,RICHMOND
94901,SAN RAFAEL
94903,SAN RAFAEL
94904,GREENBRAE
94912,SAN RAFAEL
94913,SAN RAFAEL
94914,KENTFIELD
94915,SAN RAFAEL
94920,BELVEDERE TIBURON
94922,BODEGA
94923,BODEGA BAY
94924,BOLINAS
94925,CORTE MADERA
94926,COTATI
94927,ROHNERT PARK
94928,ROHNERT PARK
94929,DILLON BEACH
94930,FAIRFAX
94931,COTATI
94933,FOREST KNOLLS
94937,INVERNESS
94938,LAGUNITAS
94939,LARKSPUR
94940,MARSHALL
94941,MILL VALLEY
94942,MILL VALLEY
94945,NOVATO
94946,NICASIO
94947,NOVATO
94948,NOVATO
94949,NOVATO
94950,OLEMA
94951,PENNGROVE
94952,PETALUMA
94953,PETALUMA
94954,PETALUMA
94955,PETALUMA
94956,POINT REYES STATION
94957,ROSS
94960,SAN ANSELMO
94963,SAN GERONIMO
94964,SAN QUENTIN
94965,SAUSALITO
94966,SAUSALITO
94970,STINSON BEACH
94971,TOMALES
94972,VALLEY FORD
94973,WOODACRE
94974,SAN QUENTIN
94975,PETALUMA
94976,CORTE MADERA
94977,LARKSPUR
94978,FAIRFAX
94979,SAN ANSELMO
94998,NOVATO
94999,PETALUMA
95001,APTOS
95002,ALVISO
95003,APTOS
95004,AROMAS
95005,BEN LOMOND
95006,BOULDER CREEK
95007,BROOKDALE
95008,CAMPBELL
95009,CAMPBELL
95010,CAPITOLA
95011,CAMPBELL
95012,CASTROVILLE
95013,COYOTE
95014,CUPERTINO
95015,CUPERTINO
95017,DAVENPORT
95018,FELTON
95019,FREEDOM
95020,GILROY
95021,GILROY
95023,HOLLISTER
95024,HOLLISTER
95026,HOLY CITY
95030,LOS GATOS
95031,LOS GATOS
95032,LOS GATOS
95033,LOS GATOS
95035,MILPITAS
95036,MILPITAS
95037,MORGAN HILL
95038,MORGAN HILL
95039,MOSS LANDING
95041,MOUNT HERMON
95042,NEW ALMADEN
95043,PAICINES
95044,REDWOOD ESTATES
95045,SAN JUAN BAUTISTA
95046,SAN MARTIN
95050,SANTA CLARA
95051,SANTA CLARA
95052,SANTA CLARA
95053,SANTA CLARA
95054,SANTA CLARA
95055,SANTA CLARA
95056,SANTA CLARA
95060,SANTA CRUZ
95061,SANTA CRUZ
95062,SANTA CRUZ
95063,SANTA CRUZ
95064,SANTA CRUZ
95065,SANTA CRUZ
95066,SCOTTS VALLEY
95067,SCOTTS VALLEY
95070,SARATOGA
95071,SARATOGA
95073,SOQUEL
95075,TRES PINOS
95076,WATSONVILLE
95077,WATSONVILLE
95101,SAN JOSE
95102,SAN JOSE
95103,SAN JOSE
95106,SAN JOSE
95108,SAN JOSE
95109,SAN JOSE
95110,SAN JOSE
95111,SAN JOSE
95112,SAN JOSE
95113,SAN JOSE
95114,SAN JOSE
95115,SAN JOSE
95116,SAN JOSE
95117,SAN JOSE
95118,SAN JOSE
95119,SAN JOSE
95120,SAN JOSE
95121,SAN JOSE
95122,SAN JOSE
95123,SAN JOSE
95124,SAN JOSE
95125,SAN JOSE
95126,SAN JOSE
95127,SAN JOSE
95128,SAN JOSE
95129,SAN JOSE
95130,SAN JOSE
95131,SAN JOSE
95132,SAN JOSE
95133,SAN JOSE
95134,SAN JOSE
95135,SAN JOSE
95136,SAN JOSE
95137,SAN JOSE
95138,SAN JOSE
95139,SAN JOSE
95140,MOUNT HAMILTON
95141,SAN JOSE
95142,SAN JOSE
95148,SAN JOSE
95150,SAN JOSE
95151,SAN JOSE
95152,SAN JOSE
95153,SAN JOSE
95154,SAN JOSE
95155,SAN JOSE
95156,SAN JOSE
95157,SAN JOSE
95158,SAN JOSE
95159,SAN JOSE
95160,SAN JOSE
95161,SAN JOSE
95164,SAN JOSE
95170,SAN JOSE
95171,SAN JOSE
95172,SAN JOSE
95173,SAN JOSE
95190,SAN JOSE
95191,SAN JOSE
95192,SAN JOSE
95193,SAN JOSE
95194,SAN JOSE
95196,SAN JOSE
95201,STOCKTON
95202,STOCKTON
95203,STOCKTON
95204,STOCKTON
95205,STOCKTON
95206,STOCKTON
95207,STOCKTON
95208,STOCKTON
95209,STOCKTON
95210,STOCKTON
95211,STOCKTON
95212,STOCKTON
95213,STOCKTON
95215,STOCKTON
95219,STOCKTON
95220,ACAMPO
95221,ALTAVILLE
95222,ANGELS CAMP
95223,ARNOLD
95224,AVERY
95225,BURSON
95226,CAMPO SECO
95227,CLEMENTS
95228,COPPEROPOLIS
95229,DOUGLAS FLAT
95230,FARMINGTON
95231,FRENCH CAMP
95232,GLENCOE
95233,HATHAWAY PINES
95234,HOLT
95236,LINDEN
95237,LOCKEFORD
95240,LODI
95241,LODI
95242,LODI
95245,MOKELUMNE HILL
95246,MOUNTAIN RANCH
95247,MURPHYS
95248,RAIL ROAD FLAT
95249,SAN ANDREAS
95250,SHEEP RANCH
95251,VALLECITO
95252,VALLEY SPRINGS
95253,VICTOR
95254,WALLACE
95255,WEST POINT
95257,WILSEYVILLE
95258,WOODBRIDGE
95267,STOCKTON
95269,STOCKTON
95290,STOCKTON
95296,LYOTH
95297,STOCKTON
95298,STOCKTON
95301,ATWATER
95303,BALLICO
95304,TRACY
95305,BIG OAK FLAT
95306,CATHEYS VALLEY
95307,CERES
95309,CHINESE CAMP
95310,COLUMBIA
95311,COULTERVILLE
95312,CRESSEY
95313,CROWS LANDING
95314,DARDANELLE
95315,DELHI
95316,DENAIR
95317,EL NIDO
95318,EL PORTAL
95319,EMPIRE
95320,ESCALON
95321,GROVELAND
95322,GUSTINE
95323,HICKMAN
95324,HILMAR
95325,HORNITOS
95326,HUGHSON
95327,JAMESTOWN
95328,KEYES
95329,LA GRANGE
95330,LATHROP
95333,LE GRAND
95334,LIVINGSTON
95335,LONG BARN
95336,MANTECA
95337,MANTECA
95338,MARIPOSA
95340,MERCED
95341,MERCED
95342,ATWATER
95343,MERCED
95344,MERCED
95345,MIDPINES
95346,MI WUK VILLAGE
95347,MOCCASIN
95348,MERCED
95350,MODESTO
95351,MODESTO
95352,MODESTO
95353,MODESTO
95354,MODESTO
95355,MODESTO
95356,MODESTO
95357,MODESTO
95358,MODESTO
95360,NEWMAN
95361,OAKDALE
95363,PATTERSON
95364,PINECREST
95365,PLANADA
95366,RIPON
95367,RIVERBANK
95368,SALIDA
95369,SNELLING
95370,SONORA
95372,SOULSBYVILLE
95373,STANDARD
95374,STEVINSON
95375,STRAWBERRY
95376,TRACY
95377,TRACY
95378,TRACY
95379,TUOLUMNE
95380,TURLOCK
95381,TURLOCK
95382,TURLOCK
95383,TWAIN HARTE
95385,VERNALIS
95386,WATERFORD
95387,WESTLEY
95388,WINTON
95389,YOSEMITE NATIONAL PARK
95390,RIVERBANK
95391,TRACY
95397,MODESTO
95401,SANTA ROSA
95402,SANTA ROSA
95403,SANTA ROSA
95404,SANTA ROSA
95405,SANTA ROSA
95406,SANTA ROSA
95407,SANTA ROSA
95408,SANTA ROSA
95409,SANTA ROSA
95410,ALBION
95412,ANNAPOLIS
95415,BOONVILLE
95416,BOYES HOT SPRINGS
95417,BRANSCOMB
95418,CALPELLA
95419,CAMP MEEKER
95420,CASPAR
95421,CAZADERO
95422,CLEARLAKE
95423,CLEARLAKE OAKS
95424,CLEARLAKE PARK
95425,CLOVERDALE
95426,COBB
95427,COMPTCHE
95428,COVELO
95429,DOS RIOS
95430,DUNCANS MILLS
95431,ELDRIDGE
95432,ELK
95433,EL VERANO
95435,FINLEY
95436,FORESTVILLE
95437,FORT BRAGG
95439,FULTON
95441,GEYSERVILLE
95442,GLEN ELLEN
95443,GLENHAVEN
95444,GRATON
95445,GUALALA
95446,GUERNEVILLE
95448,HEALDSBURG
95449,HOPLAND
95450,JENNER
95451,KELSEYVILLE
95452,KENWOOD
95453,LAKEPORT
95454,LAYTONVILLE
95456,LITTLERIVER
95457,LOWER LAKE
95458,LUCERNE
95459,MANCHESTER
95460,MENDOCINO
95461,MIDDLETOWN
95462,MONTE RIO
95463,NAVARRO
95464,NICE
95465,OCCIDENTAL
95466,PHILO
95468,POINT ARENA
95469,POTTER VALLEY
95470,REDWOOD VALLEY
95471,RIO NIDO
95472,SEBASTOPOL
95473,SEBASTOPOL
95476,SONOMA
95480,STEWARTS POINT
95481,TALMAGE
95482,UKIAH
95485,UPPER LAKE
95486,VILLA GRANDE
95487,VINEBURG
95488,WESTPORT
95490,WILLITS
95492,WINDSOR
95493,WITTER SPRINGS
95494,YORKVILLE
95497,THE SEA RANCH
95501,EUREKA
95502,EUREKA
95503,EUREKA
95511,ALDERPOINT
95514,BLOCKSBURG
95518,ARCATA
95519,MCKINLEYVILLE
95521,ARCATA
95524,BAYSIDE
95525,BLUE LAKE
95526,BRIDGEVILLE
95527,BURNT RANCH
95528,CARLOTTA
95531,CRESCENT CITY
95532,CRESCENT CITY
95534,CUTTEN
95536,FERNDALE
95537,FIELDS LANDING
95538,FORT DICK
95540,FORTUNA
95542,GARBERVILLE
95543,GASQUET
95545,HONEYDEW
95546,HOOPA
95547,HYDESVILLE
95548,KLAMATH
95549,KNEELAND
95550,KORBEL
95551,LOLETA
95552,MAD RIVER
95553,MIRANDA
95554,MYERS FLAT
95555,ORICK
95556,ORLEANS
95558,PETROLIA
95559,PHILLIPSVILLE
95560,REDWAY
95562,RIO DELL
95563,SALYER
95564,SAMOA
95565,SCOTIA
95567,SMITH RIVER
95568,SOMES BAR
95569,REDCREST
95570,TRINIDAD
95571,WEOTT
95573,WILLOW CREEK
95585,LEGGETT
95587,PIERCY
95589,WHITETHORN
95595,ZENIA
95601,AMADOR CITY
95602,AUBURN
95603,AUBURN
95604,AUBURN
95605,WEST SACRAMENTO
95606,BROOKS
95607,CAPAY
95608,CARMICHAEL
95609,CARMICHAEL
95610,CITRUS HEIGHTS
95611,CITRUS HEIGHTS
95612,CLARKSBURG
95613,COLOMA
95614,COOL
95615,COURTLAND
95616,DAVIS
95617,DAVIS
95618,EL MACERO
95619,DIAMOND SPRINGS
95620,DIXON
95621,CITRUS HEIGHTS
95623,EL DORADO
95624,ELK GROVE
95625,ELMIRA
95626,ELVERTA
95627,ESPARTO
95628,FAIR OAKS
95629,FIDDLETOWN
95630,FOLSOM
95631,FORESTHILL
95632,GALT
95633,GARDEN VALLEY
95634,GEORGETOWN
95635,GREENWOOD
95636,GRIZZLY FLATS
95637,GUINDA
95638,HERALD
95639,HOOD
95640,IONE
95641,ISLETON
95642,JACKSON
95644,KIT CARSON
95645,KNIGHTS LANDING
95646,KIRKWOOD
95648,LINCOLN
95650,LOOMIS
95651,LOTUS
95652,MCCLELLAN
95653,MADISON
95654,MARTELL
95655,MATHER
95656,MOUNT AUKUM
95658,NEWCASTLE
95659,NICOLAUS
95660,NORTH HIGHLANDS
95661,ROSEVILLE
95662,ORANGEVALE
95663,PENRYN
95664,PILOT HILL
95665,PINE GROVE
95666,PIONEER
95667,PLACERVILLE
95668,PLEASANT GROVE
95669,PLYMOUTH
95670,RANCHO CORDOVA
95671,REPRESA
95672,RESCUE
95673,RIO LINDA
95674,RIO OSO
95675,RIVER PINES
95676,ROBBINS
95677,ROCKLIN
95678,ROSEVILLE
95679,RUMSEY
95680,RYDE
95681,SHERIDAN
95682,SHINGLE SPRINGS
95683,SLOUGHHOUSE
95684,SOMERSET
95685,SUTTER CREEK
95686,THORNTON
95687,VACAVILLE
95688,VACAVILLE
95689,VOLCANO
95690,WALNUT GROVE
95691,WEST SACRAMENTO
95692,WHEATLAND
95693,WILTON
95694,WINTERS
95695,WOODLAND
95696,VACAVILLE
95697,YOLO
95698,ZAMORA
95699,DRYTOWN
95701,ALTA
95703,APPLEGATE
95709,CAMINO
95712,CHICAGO PARK
95713,COLFAX
95714,DUTCH FLAT
95715,EMIGRANT GAP
95717,GOLD RUN
95720,KYBURZ
95721,ECHO LAKE
95722,MEADOW VISTA
95724,NORDEN
95726,POLLOCK PINES
95728,SODA SPRINGS
95735,TWIN BRIDGES
95736,WEIMAR
95741,RANCHO CORDOVA
95742,RANCHO CORDOVA
95743,RANCHO CORDOVA
95746,GRANITE BAY
95747,ROSEVILLE
95758,ELK GROVE
95759,ELK GROVE
95762,EL DORADO HILLS
95763,FOLSOM
95765,ROCKLIN
95776,WOODLAND
95798,WEST SACRAMENTO
95799,WEST SACRAMENTO
95812,SACRAMENTO
95813,SACRAMENTO
95814,SACRAMENTO
95815,SACRAMENTO
95816,SACRAMENTO
95817,SACRAMENTO
95818,SACRAMENTO
95819,SACRAMENTO
95820,SACRAMENTO
95821,SACRAMENTO
95822,SACRAMENTO
95823,SACRAMENTO
95824,SACRAMENTO
95825,SACRAMENTO
95826,SACRAMENTO
95827,SACRAMENTO
95828,SACRAMENTO
95829,SACRAMENTO
95830,SACRAMENTO
95831,SACRAMENTO
95832,SACRAMENTO
95833,SACRAMENTO
95834,SACRAMENTO
95835,SACRAMENTO
95836,SACRAMENTO
95837,SACRAMENTO
95838,SACRAMENTO
95840,SACRAMENTO
95841,SACRAMENTO
95842,SACRAMENTO
95843,ANTELOPE
95851,SACRAMENTO
95852,SACRAMENTO
95853,SACRAMENTO
95857,SACRAMENTO
95860,SACRAMENTO
95864,SACRAMENTO
95865,SACRAMENTO
95866,SACRAMENTO
95867,SACRAMENTO
95873,SACRAMENTO
95887,SACRAMENTO
95894,SACRAMENTO
95899,SACRAMENTO
95901,MARYSVILLE
95903,BEALE AFB
95910,ALLEGHANY
95912,ARBUCKLE
95913,ARTOIS
95914,BANGOR
95915,BELDEN
95916,BERRY CREEK
95917,BIGGS
95918,BROWNS VALLEY
95919,BROWNSVILLE
95920,BUTTE CITY
95922,CAMPTONVILLE
95923,CANYONDAM
95924,CEDAR RIDGE
95925,CHALLENGE
95926,CHICO
95927,CHICO
95928,CHICO
95929,CHICO
95930,CLIPPER MILLS
95931,COLLEGE CITY
95932,COLUSA
95934,CRESCENT MILLS
95935,DOBBINS
95936,DOWNIEVILLE
95937,DUNNIGAN
95938,DURHAM
95939,ELK CREEK
95940,FEATHER FALLS
95941,FORBESTOWN
95942,FOREST RANCH
95943,GLENN
95944,GOODYEARS BAR
95945,GRASS VALLEY
95946,PENN VALLEY
95947,GREENVILLE
95948,GRIDLEY
95949,GRASS VALLEY
95950,GRIMES
95951,HAMILTON CITY
95953,LIVE OAK
95954,MAGALIA
95955,MAXWELL
95956,MEADOW VALLEY
95957,MERIDIAN
95958,NELSON
95959,NEVADA CITY
95960,NORTH SAN JUAN
95961,OLIVEHURST
95962,OREGON HOUSE
95963,ORLAND
95965,OROVILLE
95966,OROVILLE
95967,PARADISE
95968,PALERMO
95969,PARADISE
95970,PRINCETON
95971,QUINCY
95972,RACKERBY
95973,CHICO
95974,RICHVALE
95975,ROUGH AND READY
95976,CHICO
95977,SMARTVILLE
95978,STIRLING CITY
95979,STONYFORD
95980,STORRIE
95981,STRAWBERRY VALLEY
95982,SUTTER
95983,TAYLORSVILLE
95984,TWAIN
95986,WASHINGTON
95987,WILLIAMS
95988,WILLOWS
95991,YUBA CITY
95992,YUBA CITY
95993,YUBA CITY
96001,REDDING
96002,REDDING
96003,REDDING
96006,ADIN
96007,ANDERSON
96008,BELLA VISTA
96009,BIEBER
96010,BIG BAR
96011,BIG BEND
96013,BURNEY
96014,CALLAHAN
96015,CANBY
96016,CASSEL
96017,CASTELLA
96019,SHASTA LAKE
96020,CHESTER
96021,CORNING
96022,COTTONWOOD
96023,DORRIS
96024,DOUGLAS CITY
96025,DUNSMUIR
96027,ETNA
96028,FALL RIVER MILLS
96029,FLOURNOY
96031,FORKS OF SALMON
96032,FORT JONES
96033,FRENCH GULCH
96034,GAZELLE
96035,GERBER
96037,GREENVIEW
96038,GRENADA
96039,HAPPY CAMP
96040,HAT CREEK
96041,HAYFORK
96044,HORNBROOK
96046,HYAMPOM
96047,IGO
96048,JUNCTION CITY
96049,REDDING
96050,KLAMATH RIVER
96051,LAKEHEAD
96052,LEWISTON
96054,LOOKOUT
96055,LOS MOLINOS
96056,MCARTHUR
96057,MCCLOUD
96058,MACDOEL
96059,MANTON
96061,MILL CREEK
96062,MILLVILLE
96063,MINERAL
96064,MONTAGUE
96065,MONTGOMERY CREEK
96067,MOUNT SHASTA
96068,NUBIEBER
96069,OAK RUN
96070,OBRIEN
96071,OLD STATION
96073,PALO CEDRO
96074,PASKENTA
96075,PAYNES CREEK
96076,PLATINA
96078,PROBERTA
96079,SHASTA LAKE
96080,RED BLUFF
96084,ROUND MOUNTAIN
96085,SCOTT BAR
96086,SEIAD VALLEY
96087,SHASTA
96088,SHINGLETOWN
96089,SHASTA LAKE
96090,TEHAMA
96091,TRINITY CENTER
96092,VINA
96093,WEAVERVILLE
96094,WEED
96095,WHISKEYTOWN
96096,WHITMORE
96097,YREKA
96099,REDDING
96101,ALTURAS
96103,BLAIRSDEN-GRAEAGLE
96104,CEDARVILLE
96105,CHILCOOT
96106,CLIO
96107,COLEVILLE
96108,DAVIS CREEK
96109,DOYLE
96110,EAGLEVILLE
96111,FLORISTON
96112,FORT BIDWELL
96113,HERLONG
96114,JANESVILLE
96115,LAKE CITY
96116,LIKELY
96117,LITCHFIELD
96118,LOYALTON
96119,MADELINE
96120,MARKLEEVILLE
96121,MILFORD
96122,PORTOLA
96123,RAVENDALE
96124,CALPINE
96125,SIERRA CITY
96126,SIERRAVILLE
96127,SUSANVILLE
96128,STANDISH
96129,BECKWOURTH
96130,SUSANVILLE
96132,TERMO
96133,TOPAZ
96134,TULELAKE
96135,VINTON
96136,WENDEL
96137,WESTWOOD
96140,CARNELIAN BAY
96141,HOMEWOOD
96142,TAHOMA
96143,KINGS BEACH
96145,TAHOE CITY
96146,OLYMPIC VALLEY
96148,TAHOE VISTA
96150,SOUTH LAKE TAHOE
96151,SOUTH LAKE TAHOE
96152,SOUTH LAKE TAHOE
96154,SOUTH LAKE TAHOE
96155,SOUTH LAKE TAHOE
96156,SOUTH LAKE TAHOE
96157,SOUTH LAKE TAHOE
96158,SOUTH LAKE TAHOE
96160,TRUCKEE
96161,TRUCKEE
96162,TRUCKEE